{
    "name": "All Requests",
    "numberOfRequests": {
        "total": 2280,
        "ok": 2269,
        "ko": 11
    },
    "minResponseTime": {
        "total": 75,
        "ok": 75,
        "ko": 60001
    },
    "maxResponseTime": {
        "total": 60015,
        "ok": 59630,
        "ko": 60015
    },
    "meanResponseTime": {
        "total": 2424,
        "ok": 2145,
        "ko": 60008
    },
    "standardDeviation": {
        "total": 7875,
        "ok": 6794,
        "ko": 5
    },
    "percentiles1": {
        "total": 415,
        "ok": 412,
        "ko": 60007
    },
    "percentiles2": {
        "total": 1313,
        "ok": 1281,
        "ko": 60014
    },
    "percentiles3": {
        "total": 9227,
        "ok": 6648,
        "ko": 60015
    },
    "percentiles4": {
        "total": 49728,
        "ok": 42499,
        "ko": 60015
    },
    "group1": {
    "name": "t < 800 ms",
    "htmlName": "t < 800 ms",
    "count": 1477,
    "percentage": 64.78070175438596
},
    "group2": {
    "name": "800 ms <= t < 1200 ms",
    "htmlName": "t >= 800 ms <br> t < 1200 ms",
    "count": 196,
    "percentage": 8.596491228070176
},
    "group3": {
    "name": "t >= 1200 ms",
    "htmlName": "t >= 1200 ms",
    "count": 596,
    "percentage": 26.14035087719298
},
    "group4": {
    "name": "failed",
    "htmlName": "failed",
    "count": 11,
    "percentage": 0.4824561403508772
},
    "meanNumberOfRequestsPerSecond": {
        "total": 11.75257731958763,
        "ok": 11.695876288659793,
        "ko": 0.05670103092783505
    }
}